step,loss,acc
10,210595.60938,0.18750
20,101808.92188,0.20312
30,96160.74219,0.25000
40,81829.53125,0.26562
50,61992.84375,0.40625
60,88369.34375,0.32812
70,49269.48047,0.46875
80,65026.67969,0.39062
90,38075.85938,0.51562
100,43448.51562,0.56250
100,45048.93359,0.50500
110,43030.99219,0.57812
120,45912.80859,0.46875
130,43174.17188,0.48438
140,26653.13672,0.59375
150,31001.79492,0.53125
160,35845.00000,0.51562
170,30871.96094,0.50000
180,22095.49219,0.64062
190,28510.42578,0.54688
200,42409.17188,0.50000
200,32847.10547,0.55340
210,31716.37109,0.56250
220,35664.74609,0.48438
230,10490.73047,0.75000
240,27116.08203,0.53125
250,30330.40430,0.51562
260,16476.90234,0.62500
270,27852.33984,0.57812
280,14470.34766,0.71875
290,16889.58203,0.65625
300,10406.48145,0.73438
300,13075.21582,0.72000
310,19105.23438,0.67188
320,9473.84375,0.73438
330,9268.10645,0.78125
340,20168.11133,0.68750
350,10843.63672,0.70312
360,7272.68262,0.76562
370,19888.83398,0.70312
380,9329.67676,0.76562
390,21415.65625,0.65625
400,17931.64648,0.62500
400,13432.99805,0.70880
410,18087.89844,0.73438
420,10441.24707,0.71875
430,19549.31250,0.64062
440,9176.65625,0.71875
450,11338.69922,0.65625
460,8475.54102,0.76562
470,8836.69531,0.76562
480,7850.52100,0.76562
490,7011.32812,0.79688
500,6037.46094,0.82812
500,11452.00195,0.74680
510,14502.01953,0.71875
520,14854.51172,0.64062
530,6588.58154,0.84375
540,8842.75000,0.79688
550,8066.39648,0.79688
560,6256.71289,0.79688
570,16000.45703,0.71875
580,13061.59766,0.70312
590,9773.48242,0.68750
600,7160.74023,0.70312
600,10807.64941,0.74940
610,9599.37891,0.73438
620,7525.49707,0.82812
630,3055.55371,0.84375
640,6496.11133,0.79688
650,3265.24243,0.84375
660,7682.80420,0.73438
670,3770.14746,0.81250
680,5476.02832,0.82812
690,6612.49902,0.73438
700,4951.21094,0.76562
700,8032.19189,0.77800
710,12535.95117,0.75000
720,2839.59570,0.87500
730,2482.17480,0.90625
740,5832.69971,0.78125
750,12147.24609,0.65625
760,11654.09766,0.78125
770,2357.61938,0.82812
780,11263.13281,0.68750
790,9267.79492,0.81250
800,7705.23877,0.85938
800,6742.07764,0.81780
810,7229.97363,0.81250
820,3585.50806,0.84375
830,7658.13232,0.85938
840,2251.34277,0.89062
850,15256.77539,0.68750
860,6560.57227,0.78125
870,5492.21289,0.82812
880,8142.47412,0.81250
890,6185.57910,0.78125
900,2811.05469,0.87500
900,6918.24463,0.80480
910,4556.67480,0.82812
920,6975.36865,0.81250
930,1773.78455,0.87500
940,7113.70215,0.71875
950,6586.44385,0.76562
960,9647.91016,0.79688
970,3292.24268,0.84375
980,7298.85205,0.79688
990,8489.36133,0.85938
1000,4288.04199,0.79688
1000,5800.38721,0.82080
1010,2771.40552,0.85938
1020,5423.62793,0.84375
1030,3625.97705,0.90625
1040,1772.62268,0.89062
1050,3253.53394,0.89062
1060,2252.51099,0.93750
1070,1448.18860,0.92188
1080,4207.32422,0.84375
1090,9592.82031,0.76562
1100,3154.81177,0.87500
1100,5384.88623,0.83380
1110,5268.74414,0.84375
1120,7919.39990,0.84375
1130,2709.05957,0.85938
1140,5498.41406,0.84375
1150,8083.61621,0.82812
1160,3910.19995,0.85938
1170,3224.89697,0.84375
1180,6140.15527,0.71875
1190,6734.03516,0.81250
1200,4592.66016,0.81250
1200,5005.84131,0.84440
1210,3495.34033,0.90625
1220,3626.22607,0.85938
1230,3265.73145,0.84375
1240,1999.98486,0.87500
1250,9979.00391,0.78125
1260,3187.84302,0.84375
1270,4640.05664,0.87500
1280,5670.13672,0.79688
1290,3428.17432,0.84375
1300,4648.74512,0.82812
1300,4136.44287,0.86080
1310,1301.24463,0.90625
1320,2274.23169,0.89062
1330,4452.93457,0.84375
1340,913.08337,0.92188
1350,3496.16235,0.87500
1360,3187.21753,0.82812
1370,8165.64307,0.76562
1380,8604.88281,0.78125
1390,3208.98486,0.89062
1400,5912.54639,0.76562
1400,3945.34668,0.86980
1410,9779.57031,0.76562
1420,5360.79004,0.87500
1430,2628.72095,0.82812
1440,7547.55371,0.82812
1450,2446.81494,0.92188
1460,2486.55469,0.89062
1470,4968.42285,0.81250
1480,3372.38330,0.89062
1490,5873.97461,0.76562
1500,2678.01367,0.84375
1500,4857.53369,0.83880
1510,1050.24475,0.92188
1520,9510.92773,0.78125
1530,5333.06250,0.85938
1540,2879.52368,0.90625
1550,2453.63232,0.92188
1560,4019.60278,0.81250
1570,5648.01855,0.85938
1580,6438.27637,0.79688
1590,2107.23828,0.93750
1600,6721.82520,0.73438
1600,4083.32080,0.84360
1610,3936.93750,0.79688
1620,2317.90308,0.79688
1630,1786.87329,0.84375
1640,2174.13770,0.87500
1650,4947.32031,0.76562
1660,1650.78381,0.87500
1670,3974.22607,0.85938
1680,6012.90381,0.82812
1690,4705.61182,0.85938
1700,1556.45508,0.92188
1700,3597.54321,0.87560
1710,1533.50879,0.90625
1720,796.24683,0.90625
1730,2094.01709,0.93750
1740,6222.15674,0.90625
1750,5512.74854,0.82812
1760,3458.93579,0.90625
1770,1699.79053,0.92188
1780,852.47144,0.90625
1790,2974.62671,0.84375
1800,3469.61597,0.90625
1800,2695.40967,0.89640
1810,3170.61035,0.89062
1820,2981.02734,0.89062
1830,2339.66626,0.84375
1840,786.94861,0.92188
1850,3690.52148,0.84375
1860,957.97876,0.96875
1870,3896.33374,0.87500
1880,2948.28687,0.89062
1890,4260.34326,0.84375
1900,2643.19360,0.85938
1900,2899.03247,0.89160
1910,3419.33838,0.85938
1920,3096.13965,0.93750
1930,3571.15454,0.82812
1940,1861.76221,0.92188
1950,1532.15356,0.90625
1960,2402.41821,0.90625
1970,1716.72632,0.87500
1980,192.67493,0.95312
1990,3958.61816,0.89062
2000,1971.67444,0.90625
2000,1943.58484,0.91700
2010,3398.15576,0.85938
2020,6662.76611,0.81250
2030,2528.23975,0.90625
2040,285.46515,0.95312
2050,2422.43823,0.87500
2060,2193.22852,0.90625
2070,2438.49927,0.89062
2080,3972.07593,0.89062
2090,1755.03857,0.92188
2100,284.87799,0.95312
2100,2393.99951,0.89840
2110,2489.81616,0.90625
2120,3166.37524,0.85938
2130,3446.37524,0.92188
2140,0.00000,1.00000
2150,4617.42285,0.81250
2160,1560.58813,0.90625
2170,4384.95410,0.84375
2180,2174.33496,0.92188
2190,3140.29883,0.87500
2200,3935.47363,0.78125
2200,2332.16235,0.89640
2210,4506.19824,0.87500
2220,3705.91797,0.82812
2230,1492.53369,0.93750
2240,829.95514,0.93750
2250,1018.10162,0.95312
2260,2222.92529,0.90625
2270,3997.78052,0.90625
2280,1455.37964,0.87500
2290,1982.62170,0.89062
2300,1716.31104,0.95312
2300,1785.77502,0.91900
2310,3099.48193,0.87500
2320,1479.63147,0.95312
2330,1966.87781,0.92188
2340,2248.30933,0.92188
2350,1926.37012,0.84375
2360,3491.95850,0.89062
2370,1231.16589,0.87500
2380,2308.38232,0.85938
2390,180.29626,0.96875
2400,708.39111,0.95312
2400,1924.94238,0.91560
2410,1618.83386,0.89062
2420,3636.51318,0.82812
2430,249.80225,0.96875
2440,964.69934,0.92188
2450,1095.76477,0.89062
2460,1505.82178,0.93750
2470,2833.51172,0.89062
2480,2016.17163,0.89062
2490,2293.35913,0.92188
2500,405.14520,0.96875
2500,1412.02319,0.93440
2510,1032.19922,0.92188
2520,2564.08301,0.93750
2530,2167.21973,0.89062
2540,2359.09717,0.85938
2550,2325.97534,0.93750
2560,3906.18652,0.90625
2570,1940.03369,0.90625
2580,2060.68457,0.85938
2590,1254.90820,0.95312
2600,1419.42590,0.85938
2600,1393.32825,0.92940
2610,2786.19434,0.85938
2620,1902.12549,0.90625
2630,3738.70898,0.84375
2640,3219.59668,0.90625
2650,3597.37402,0.85938
2660,2094.25952,0.89062
2670,2968.31396,0.89062
2680,2453.55371,0.92188
2690,3366.11816,0.85938
2700,551.21027,0.92188
2700,1835.38599,0.91160
2710,2828.30566,0.92188
2720,3769.91748,0.84375
2730,1709.06775,0.92188
2740,77.96808,0.96875
2750,1039.61951,0.95312
2760,1200.57104,0.93750
2770,1119.37683,0.90625
2780,544.11792,0.95312
2790,951.35919,0.95312
2800,385.65643,0.93750
2800,1714.71924,0.91680
2810,2215.11499,0.93750
2820,2868.29028,0.85938
2830,2003.28101,0.92188
2840,1045.39307,0.93750
2850,1247.46570,0.89062
2860,2546.98267,0.85938
2870,3633.00659,0.85938
2880,1454.42773,0.93750
2890,1185.54138,0.89062
2900,3139.87207,0.87500
2900,1381.23682,0.92420
2910,1957.12708,0.87500
2920,2913.38916,0.90625
2930,921.21375,0.93750
2940,1669.28552,0.93750
2950,328.45251,0.95312
2960,1305.95959,0.92188
2970,2647.76953,0.84375
2980,954.54877,0.95312
2990,2223.63989,0.90625
3000,1610.15381,0.85938
3000,1643.55481,0.91020
3010,2766.77905,0.93750
3020,2392.08301,0.85938
3030,1180.73682,0.89062
3040,1634.82739,0.90625
3050,1859.90039,0.84375
3060,2396.47607,0.82812
3070,1760.11877,0.90625
3080,119.99872,0.98438
3090,1317.10474,0.92188
3100,3044.38574,0.92188
3100,1279.28735,0.93140
3110,1276.52563,0.92188
3120,1652.30554,0.93750
3130,1963.65955,0.90625
3140,1384.49561,0.93750
3150,2606.72900,0.90625
3160,662.35785,0.95312
3170,1169.03882,0.93750
3180,3656.29102,0.87500
3190,2196.57104,0.87500
3200,1510.06494,0.93750
3200,1323.46594,0.93200
3210,460.12793,0.93750
3220,1336.38306,0.93750
3230,1309.45605,0.93750
3240,1461.43921,0.95312
3250,2119.42285,0.89062
3260,2581.37109,0.87500
3270,2313.90796,0.89062
3280,844.10645,0.92188
3290,2852.77783,0.85938
3300,976.60065,0.92188
3300,1109.21655,0.94140
3310,798.43127,0.93750
3320,1369.12988,0.92188
3330,1920.42603,0.89062
3340,134.63605,0.95312
3350,1648.32739,0.89062
3360,1383.88184,0.95312
3370,835.64886,0.90625
3380,153.56812,0.96875
3390,702.34723,0.92188
3400,208.65283,0.93750
3400,1029.90845,0.94220
3410,3239.80908,0.82812
3420,464.48138,0.95312
3430,664.63348,0.92188
3440,1621.32715,0.90625
3450,2475.89209,0.90625
3460,281.30661,0.95312
3470,599.17804,0.90625
3480,2121.31030,0.92188
3490,909.91205,0.93750
3500,2408.23096,0.89062
3500,1171.81116,0.94060
3510,1331.48560,0.92188
3520,1630.30725,0.87500
3530,950.78424,0.92188
3540,1032.64978,0.90625
3550,281.56464,0.96875
3560,310.18634,0.93750
3570,2667.19702,0.90625
3580,2188.92627,0.93750
3590,91.22986,0.96875
3600,541.59595,0.90625
3600,1078.39038,0.93820
3610,412.30573,0.90625
3620,434.62494,0.95312
3630,3712.15430,0.85938
3640,833.38898,0.90625
3650,408.18781,0.95312
3660,240.36371,0.95312
3670,983.69067,0.96875
3680,2136.36328,0.89062
3690,826.71716,0.96875
3700,599.47247,0.96875
3700,1143.86755,0.93300
3710,2.83411,0.98438
3720,1895.18738,0.92188
3730,761.67285,0.95312
3740,638.80414,0.95312
3750,636.62256,0.95312
3760,1415.95752,0.95312
3770,956.85199,0.92188
3780,2739.67627,0.92188
3790,1037.36316,0.92188
3800,413.35153,0.96875
3800,919.89801,0.94300
3810,968.61572,0.95312
3820,977.74579,0.95312
3830,1278.42908,0.95312
3840,1387.67139,0.93750
3850,928.35907,0.95312
3860,1249.58423,0.93750
3870,0.00000,1.00000
3880,453.67200,0.95312
3890,1556.49951,0.89062
3900,536.75970,0.96875
3900,1001.29828,0.94320
3910,61.03198,0.98438
3920,878.06262,0.96875
3930,1219.03845,0.92188
3940,423.62579,0.96875
3950,70.57556,0.96875
3960,1690.71313,0.87500
3970,1215.92761,0.93750
3980,338.49280,0.98438
3990,235.15176,0.95312
4000,682.86719,0.95312
4000,826.20166,0.95420
4010,213.56610,0.96875
4020,347.47446,0.95312
4030,922.60712,0.95312
4040,592.77039,0.92188
4050,656.16809,0.96875
4060,843.66522,0.93750
4070,316.38181,0.96875
4080,252.01727,0.98438
4090,1436.71729,0.90625
4100,268.48376,0.98438
4100,856.48199,0.95020
4110,0.00000,1.00000
4120,883.55261,0.92188
4130,937.27899,0.96875
4140,881.63849,0.90625
4150,596.62811,0.95312
4160,1002.14630,0.92188
4170,1552.73145,0.90625
4180,102.53436,0.98438
4190,152.19916,0.98438
4200,221.19913,0.96875
4200,950.06409,0.94100
4210,1158.03027,0.92188
4220,1218.56946,0.96875
4230,894.35333,0.96875
4240,868.05658,0.93750
4250,2574.22461,0.93750
4260,3398.57275,0.92188
4270,624.97736,0.95312
4280,389.49860,0.95312
4290,839.96918,0.89062
4300,612.05695,0.96875
4300,833.38428,0.94900
4310,243.22195,0.98438
4320,556.01392,0.92188
4330,804.71777,0.93750
4340,740.70288,0.93750
4350,426.91635,0.95312
4360,834.02051,0.95312
4370,794.02118,0.95312
4380,1023.25427,0.92188
4390,1369.17261,0.92188
4400,173.39581,0.96875
4400,929.97443,0.93980
4410,429.18207,0.93750
4420,293.40771,0.95312
4430,1911.89441,0.93750
4440,1033.39941,0.90625
4450,852.59454,0.96875
4460,0.00000,1.00000
4470,0.00000,1.00000
4480,405.86938,0.93750
4490,288.40009,0.96875
4500,528.95178,0.96875
4500,743.58557,0.95060
4510,763.07593,0.92188
4520,167.36346,0.98438
4530,404.02029,0.98438
4540,1123.73267,0.93750
4550,575.63318,0.93750
4560,881.92102,0.92188
4570,409.88303,0.93750
4580,200.66779,0.98438
4590,371.74991,0.93750
4600,565.32666,0.95312
4600,655.68903,0.95720
4610,1045.62317,0.92188
4620,1449.92505,0.95312
4630,1641.97021,0.93750
4640,872.85822,0.95312
4650,651.49786,0.93750
4660,412.44348,0.95312
4670,318.75800,0.95312
4680,816.21375,0.95312
4690,175.76428,0.96875
4700,2112.89307,0.89062
4700,763.43628,0.94640
4710,111.10541,0.98438
4720,1074.47156,0.96875
4730,991.77881,0.95312
4740,1003.41541,0.96875
4750,1596.02954,0.93750
4760,3017.24365,0.85938
4770,357.14673,0.93750
4780,461.49362,0.93750
4790,774.90869,0.93750
4800,1786.72168,0.92188
4800,814.86749,0.94400
4810,599.99310,0.95312
4820,1013.18054,0.93750
4830,1954.99829,0.93750
4840,151.32129,0.96875
4850,370.20801,0.95312
4860,76.47620,0.98438
4870,590.17700,0.96875
4880,835.24396,0.92188
4890,1014.81250,0.95312
4900,1122.39026,0.90625
4900,648.01208,0.95560
4910,680.27063,0.96875
4920,1005.24438,0.90625
4930,1091.51294,0.93750
4940,125.95361,0.95312
4950,637.72272,0.93750
4960,447.54245,0.96875
4970,842.90070,0.92188
4980,320.37186,0.98438
4990,1170.54456,0.87500
5000,645.96515,0.93750
5000,634.33228,0.95260
5010,548.27551,0.96875
5020,479.21106,0.96875
5030,1621.75330,0.92188
5040,797.18292,0.92188
5050,1177.97803,0.95312
5060,505.77429,0.93750
5070,1487.76855,0.92188
5080,2406.44629,0.93750
5090,371.96088,0.96875
5100,75.37427,0.98438
5100,593.67828,0.95900
5110,419.39841,0.96875
5120,678.65759,0.95312
5130,1138.03137,0.95312
5140,804.16156,0.92188
5150,224.12567,0.96875
5160,22.41705,0.98438
5170,544.06622,0.96875
5180,808.00201,0.93750
5190,156.82422,0.96875
5200,464.38678,0.96875
5200,555.52289,0.95420
5210,645.59430,0.96875
5220,770.34686,0.93750
5230,401.19894,0.90625
5240,361.72638,0.96875
5250,2071.14941,0.89062
5260,693.48785,0.93750
5270,1594.41675,0.84375
5280,1515.80139,0.93750
5290,481.28738,0.96875
5300,582.87445,0.96875
5300,557.94727,0.96080
5310,1366.56616,0.92188
5320,366.89606,0.96875
5330,1835.03101,0.95312
5340,109.64551,0.98438
5350,1665.02344,0.90625
5360,203.64221,0.95312
5370,2139.05127,0.95312
5380,340.19327,0.98438
5390,0.00000,1.00000
5400,674.55408,0.95312
5400,622.13855,0.95480
5410,295.55057,0.95312
5420,405.80542,0.95312
5430,1046.78125,0.96875
5440,772.98993,0.92188
5450,1170.80762,0.89062
5460,122.69452,0.96875
5470,767.66431,0.98438
5480,1247.91016,0.92188
5490,172.27374,0.98438
5500,610.44055,0.96875
5500,588.48047,0.95640
5510,464.41394,0.98438
5520,1333.78040,0.92188
5530,173.88373,0.95312
5540,0.00000,1.00000
5550,1370.15308,0.93750
5560,134.64795,0.98438
5570,110.11096,0.98438
5580,355.49005,0.98438
5590,2123.35840,0.87500
5600,1189.66003,0.90625
5600,507.49329,0.96320
5610,243.08099,0.98438
5620,355.09152,0.96875
5630,1363.94336,0.93750
5640,138.14874,0.96875
5650,486.00461,0.98438
5660,401.63379,0.96875
5670,536.52899,0.96875
5680,537.19177,0.93750
5690,498.45151,0.90625
5700,764.13129,0.95312
5700,538.73688,0.96000
5710,685.31238,0.95312
5720,192.88568,0.98438
5730,1488.80176,0.93750
5740,1456.78955,0.92188
5750,236.76611,0.96875
5760,208.09222,0.93750
5770,236.51224,0.95312
5780,450.78006,0.93750
5790,409.40952,0.92188
5800,217.16589,0.96875
5800,474.14789,0.96060
5810,56.23862,0.98438
5820,155.84024,0.95312
5830,63.01215,0.98438
5840,219.67618,0.96875
5850,354.55664,0.95312
5860,378.01898,0.95312
5870,1645.16870,0.89062
5880,51.55774,0.96875
5890,1128.21387,0.93750
5900,319.59796,0.98438
5900,527.70557,0.95480
5910,143.48383,0.96875
5920,797.94739,0.92188
5930,0.00000,1.00000
5940,321.71582,0.96875
5950,60.65125,0.98438
5960,745.69678,0.95312
5970,614.30017,0.93750
5980,1310.41565,0.95312
5990,463.86606,0.93750
6000,1461.35352,0.90625
6000,577.77063,0.95020
6010,715.98145,0.95312
6020,540.24255,0.93750
6030,160.24713,0.96875
6040,634.23090,0.93750
6050,215.31403,0.96875
6060,113.25311,0.98438
6070,384.91888,0.93750
6080,467.98468,0.93750
6090,355.85510,0.95312
6100,33.19623,0.98438
6100,542.71472,0.95560
6110,1158.19092,0.89062
6120,325.98044,0.95312
6130,0.00000,1.00000
6140,416.34839,0.89062
6150,567.07855,0.92188
6160,626.02612,0.92188
6170,228.25549,0.95312
6180,0.00000,1.00000
6190,134.89557,0.98438
6200,587.60352,0.93750
6200,484.13330,0.95920
6210,473.73407,0.96875
6220,0.00000,1.00000
6230,593.42761,0.93750
6240,1841.69580,0.98438
6250,550.72272,0.95312
6260,125.17108,0.98438
6270,416.43445,0.95312
6280,77.45404,0.96875
6290,981.64087,0.92188
6300,71.95062,0.96875
6300,417.15329,0.96440
6310,817.46790,0.95312
6320,307.41965,0.95312
6330,94.18021,0.98438
6340,610.71594,0.96875
6350,460.46426,0.96875
6360,2.06073,0.98438
6370,298.86377,0.96875
6380,1085.63672,0.96875
6390,156.37009,0.95312
6400,0.00000,1.00000
6400,387.43680,0.96340
6410,840.74896,0.93750
6420,278.28186,0.96875
6430,190.56995,0.95312
6440,718.88202,0.92188
6450,28.92331,0.96875
6460,281.17929,0.95312
6470,195.46823,0.98438
6480,541.72168,0.98438
6490,402.12234,0.95312
6500,1091.08923,0.95312
6500,384.42172,0.96460
6510,343.25070,0.96875
6520,1141.95264,0.89062
6530,86.10657,0.96875
6540,608.25031,0.95312
6550,441.55368,0.98438
6560,758.72913,0.92188
6570,474.60428,0.95312
6580,535.46301,0.95312
6590,13.58600,0.98438
6600,22.87939,0.96875
6600,405.15842,0.96040
6610,283.64362,0.95312
6620,0.00000,1.00000
6630,520.92963,0.95312
6640,390.88788,0.95312
6650,8.24054,0.98438
6660,662.58002,0.96875
6670,62.08221,0.98438
6680,439.56320,0.96875
6690,401.55591,0.93750
6700,97.85080,0.98438
6700,389.00415,0.96440
6710,797.06268,0.95312
6720,135.26379,0.93750
6730,442.82864,0.96875
6740,364.02948,0.93750
6750,1115.48169,0.92188
6760,90.05350,0.96875
6770,700.72058,0.95312
6780,259.68567,0.98438
6790,833.96228,0.92188
6800,901.61938,0.95312
6800,380.76761,0.96400
6810,348.19257,0.96875
6820,187.38531,0.96875
6830,734.90948,0.93750
6840,205.91199,0.96875
6850,574.49512,0.93750
6860,34.32861,0.98438
6870,432.96268,0.96875
6880,530.58990,0.92188
6890,444.42755,0.93750
6900,331.42337,0.98438
6900,306.63574,0.96940
6910,564.09082,0.95312
6920,50.19061,0.98438
6930,314.52884,0.93750
6940,0.00000,1.00000
6950,599.74084,0.96875
6960,185.80627,0.96875
6970,607.69922,0.96875
6980,430.99783,0.90625
6990,503.15088,0.96875
7000,1187.49780,0.90625
7000,425.05011,0.96200
7010,0.00000,1.00000
7020,698.06482,0.95312
7030,609.83765,0.96875
7040,417.42844,0.95312
7050,246.38281,0.98438
7060,400.63214,0.92188
7070,56.35199,0.98438
7080,228.50385,0.96875
7090,317.48419,0.98438
7100,635.70984,0.96875
7100,534.30841,0.95360
7110,597.72162,0.93750
7120,751.30286,0.95312
7130,741.83588,0.95312
7140,224.52002,0.98438
7150,618.80518,0.96875
7160,528.14160,0.96875
7170,529.67480,0.93750
7180,91.12030,0.96875
7190,1075.46851,0.90625
7200,612.20605,0.95312
7200,523.84564,0.94680
7210,829.47064,0.92188
7220,429.47333,0.95312
7230,13.39484,0.98438
7240,136.94745,0.96875
7250,63.76080,0.98438
7260,856.08643,0.95312
7270,16.47342,0.98438
7280,465.74081,0.96875
7290,267.42700,0.96875
7300,829.17981,0.92188
7300,415.04770,0.95720
7310,89.09863,0.98438
7320,322.07129,0.92188
7330,176.04825,0.95312
7340,277.35263,0.95312
7350,204.91751,0.98438
7360,503.66852,0.90625
7370,82.45905,0.96875
7380,533.51465,0.92188
7390,392.25464,0.95312
7400,181.73547,0.98438
7400,348.52945,0.96740
7410,988.27661,0.93750
7420,161.29803,0.93750
7430,422.04214,0.93750
7440,184.95282,0.96875
7450,164.56274,0.96875
7460,182.73596,0.96875
7470,410.30246,0.96875
7480,0.00000,1.00000
7490,296.16711,0.93750
7500,0.00000,1.00000
7500,310.15591,0.96800
7510,1222.08826,0.90625
7520,256.95047,0.98438
7530,1439.21558,0.89062
7540,30.51135,0.96875
7550,350.40543,0.93750
7560,245.13458,0.96875
7570,914.17993,0.95312
7580,562.44409,0.98438
7590,779.79407,0.89062
7600,178.79414,0.98438
7600,287.89096,0.96680
7610,365.17410,0.96875
7620,148.51727,0.95312
7630,107.68945,0.95312
7640,631.90668,0.90625
7650,451.71973,0.96875
7660,160.54196,0.96875
7670,121.65057,0.96875
7680,26.93793,0.98438
7690,679.83130,0.92188
7700,386.52057,0.96875
7700,334.73431,0.96520
7710,190.40427,0.93750
7720,246.92395,0.96875
7730,433.62976,0.96875
7740,0.00000,1.00000
7750,235.93576,0.96875
7760,324.21970,0.96875
7770,575.40662,0.96875
7780,356.95892,0.93750
7790,389.41589,0.96875
7800,71.40115,0.98438
7800,304.65735,0.96860
7810,374.67828,0.98438
7820,43.39111,0.98438
7830,0.00000,1.00000
7840,148.64697,0.95312
7850,243.65051,0.95312
7860,465.35193,0.96875
7870,406.60263,0.95312
7880,425.26807,0.96875
7890,701.92291,0.92188
7900,138.94028,0.96875
7900,332.97040,0.96440
7910,699.64667,0.95312
7920,265.05121,0.96875
7930,539.86981,0.96875
7940,107.20386,0.98438
7950,760.12061,0.92188
7960,154.33554,0.96875
7970,0.00000,1.00000
7980,164.01160,0.96875
7990,692.84937,0.93750
8000,789.96973,0.93750
8000,258.60956,0.96760
8010,0.00000,1.00000
8020,144.07135,0.96875
8030,0.00000,1.00000
8040,464.65567,0.92188
8050,487.68201,0.93750
8060,0.00000,1.00000
8070,370.85480,0.96875
8080,2.93896,0.98438
8090,0.00000,1.00000
8100,41.32068,0.98438
8100,307.58167,0.96540
8110,345.39401,0.95312
8120,0.00000,1.00000
8130,683.41333,0.95312
8140,734.22107,0.90625
8150,467.11609,0.98438
8160,0.75482,0.98438
8170,0.00000,1.00000
8180,0.00000,1.00000
8190,541.62091,0.95312
8200,56.73706,0.98438
8200,273.23816,0.97100
8210,99.96973,0.98438
8220,550.38995,0.98438
8230,363.37680,0.95312
8240,255.69952,0.96875
8250,31.80652,0.98438
8260,431.44147,0.96875
8270,487.85580,0.95312
8280,0.00000,1.00000
8290,0.00000,1.00000
8300,157.67934,0.96875
8300,256.14011,0.96720
8310,0.00000,1.00000
8320,0.00000,1.00000
8330,465.68262,0.93750
8340,517.07245,0.93750
8350,15.10400,0.98438
8360,0.00000,1.00000
8370,347.64206,0.90625
8380,368.53656,0.95312
8390,0.00000,1.00000
8400,465.98792,0.95312
8400,300.91110,0.96480
8410,222.19635,0.98438
8420,105.80554,0.98438
8430,271.19113,0.96875
8440,482.11404,0.95312
8450,268.19131,0.93750
8460,33.03448,0.98438
8470,302.12888,0.93750
8480,576.08826,0.95312
8490,433.68378,0.95312
8500,582.81531,0.98438
8500,302.09940,0.96400
8510,954.73853,0.87500
8520,232.23337,0.95312
8530,163.80518,0.98438
8540,198.50146,0.98438
8550,33.70770,0.96875
8560,454.98859,0.93750
8570,589.94220,0.92188
8580,583.24860,0.93750
8590,900.35181,0.95312
8600,408.63690,0.95312
8600,243.60085,0.97200
8610,95.65271,0.95312
8620,82.69281,0.98438
8630,68.76303,0.98438
8640,457.67960,0.95312
8650,287.58228,0.95312
8660,283.32666,0.92188
8670,435.49658,0.98438
8680,15.37903,0.98438
8690,171.02429,0.96875
8700,426.54254,0.96875
8700,230.79222,0.97100
8710,1110.54468,0.87500
8720,0.00000,1.00000
8730,42.99487,0.96875
8740,357.21069,0.96875
8750,89.70309,0.96875
8760,601.36224,0.93750
8770,129.54468,0.96875
8780,0.00000,1.00000
8790,35.52515,0.96875
8800,804.23962,0.92188
8800,282.84741,0.96620
8810,0.00000,1.00000
8820,292.05267,0.96875
8830,0.00000,1.00000
8840,250.23453,0.95312
8850,24.63300,0.98438
8860,363.30127,0.98438
8870,18.69580,0.98438
8880,108.14014,0.96875
8890,0.00000,1.00000
8900,1034.56238,0.90625
8900,307.71909,0.96560
8910,215.81062,0.96875
8920,235.70325,0.98438
8930,46.71344,0.96875
8940,0.00000,1.00000
8950,63.71786,0.98438
8960,671.98621,0.92188
8970,485.99500,0.95312
8980,37.83264,0.96875
8990,607.68646,0.92188
9000,559.31970,0.90625
9000,294.83505,0.96440
9010,626.10522,0.96875
9020,0.98218,0.98438
9030,45.70639,0.96875
9040,182.03885,0.96875
9050,69.83391,0.98438
9060,0.70825,0.98438
9070,285.24017,0.95312
9080,168.75882,0.96875
9090,39.08505,0.96875
9100,70.59863,0.96875
9100,266.29349,0.96620
9110,72.62714,0.98438
9120,153.88022,0.96875
9130,151.00757,0.98438
9140,326.55515,0.98438
9150,20.45099,0.98438
9160,328.00534,0.93750
9170,64.28023,0.98438
9180,226.02573,0.98438
9190,222.32373,0.98438
9200,103.67665,0.98438
9200,215.02693,0.97200
9210,17.97302,0.98438
9220,27.83807,0.98438
9230,218.77551,0.98438
9240,224.73589,0.96875
9250,573.00232,0.92188
9260,54.36240,0.96875
9270,99.42334,0.98438
9280,0.00000,1.00000
9290,594.88916,0.93750
9300,369.11459,0.93750
9300,288.41174,0.96500
9310,31.83601,0.96875
9320,154.97430,0.98438
9330,0.00000,1.00000
9340,231.59827,0.95312
9350,0.00000,1.00000
9360,177.48264,0.95312
9370,164.05621,0.98438
9380,240.97647,0.95312
9390,47.97739,0.96875
9400,57.93900,0.96875
9400,231.53275,0.97120
9410,111.57727,0.96875
9420,0.00000,1.00000
9430,598.43890,0.95312
9440,154.53517,0.95312
9450,20.97604,0.96875
9460,0.00000,1.00000
9470,61.63177,0.98438
9480,470.38065,0.96875
9490,684.33948,0.96875
9500,11.83643,0.98438
9500,209.07314,0.97040
9510,766.32825,0.96875
9520,306.84387,0.98438
9530,65.46687,0.98438
9540,50.18633,0.96875
9550,168.22516,0.98438
9560,269.43466,0.96875
9570,68.18829,0.98438
9580,0.00000,1.00000
9590,293.86200,0.96875
9600,55.32050,0.96875
9600,196.47223,0.97180
9610,125.86765,0.98438
9620,144.85242,0.98438
9630,221.66681,0.96875
9640,0.00000,1.00000
9650,199.33725,0.93750
9660,112.77362,0.98438
9670,32.34116,0.98438
9680,502.04504,0.95312
9690,195.91304,0.96875
9700,486.51526,0.96875
9700,242.54974,0.96940
9710,235.75394,0.95312
9720,430.38657,0.95312
9730,96.83363,0.95312
9740,0.00000,1.00000
9750,0.00000,1.00000
9760,18.80452,0.98438
9770,518.15503,0.95312
9780,315.79071,0.95312
9790,426.78467,0.92188
9800,30.30948,0.98438
9800,212.00885,0.96760
9810,243.91151,0.98438
9820,178.80188,0.96875
9830,0.00000,1.00000
9840,350.46289,0.96875
9850,47.94389,0.95312
9860,228.65717,0.96875
9870,125.97653,0.96875
9880,165.52870,0.98438
9890,435.58765,0.96875
9900,105.83746,0.96875
9900,228.51112,0.96860
9910,10.80591,0.98438
9920,0.00000,1.00000
9930,384.60373,0.92188
9940,109.51611,0.98438
9950,46.61087,0.96875
9960,51.52618,0.98438
9970,342.47504,0.93750
9980,175.31549,0.95312
9990,464.87787,0.93750
10000,375.30618,0.95312
10000,217.86839,0.96940
10010,24.96067,0.98438
10020,345.96967,0.95312
10030,176.67990,0.96875
10040,199.38617,0.96875
10050,208.86673,0.98438
10060,0.00000,1.00000
10070,101.57477,0.96875
10080,2.53522,0.98438
10090,14.54413,0.98438
10100,130.45589,0.96875
10100,180.67113,0.97460
10110,697.85089,0.92188
10120,0.00000,1.00000
10130,109.58415,0.98438
10140,287.77728,0.96875
10150,269.42499,0.92188
10160,554.52759,0.96875
10170,54.64276,0.96875
10180,201.76611,0.96875
10190,134.14246,0.98438
10200,227.11688,0.98438
10200,253.47420,0.96920
10210,496.04071,0.96875
10220,86.84790,0.96875
10230,228.93146,0.93750
10240,35.21332,0.96875
10250,145.10065,0.95312
10260,186.70697,0.98438
10270,79.65137,0.96875
10280,233.01862,0.96875
10290,247.16391,0.96875
10300,172.25293,0.98438
10300,193.02052,0.97180
10310,73.53459,0.98438
10320,15.16223,0.98438
10330,252.27032,0.96875
10340,119.51233,0.96875
10350,184.83182,0.96875
10360,14.16452,0.98438
10370,231.42294,0.96875
10380,432.88263,0.95312
10390,658.79944,0.95312
10400,692.93787,0.95312
10400,141.28909,0.97760
10410,353.82947,0.95312
10420,143.34949,0.96875
10430,0.00000,1.00000
10440,449.51367,0.90625
10450,0.00000,1.00000
10460,86.91660,0.96875
10470,11.07574,0.98438
10480,388.27759,0.95312
10490,403.83801,0.95312
10500,364.60785,0.95312
10500,192.49886,0.96720
10510,161.52826,0.95312
10520,170.29117,0.98438
10530,531.11743,0.95312
10540,315.27936,0.93750
10550,46.02402,0.98438
10560,166.98892,0.95312
10570,308.11871,0.96875
10580,832.74152,0.95312
10590,82.86765,0.98438
10600,32.83817,0.98438
10600,204.07382,0.96680
10610,0.00000,1.00000
10620,108.37840,0.98438
10630,385.04703,0.98438
10640,0.00000,1.00000
10650,21.19365,0.98438
10660,226.00430,0.98438
10670,0.00000,1.00000
10680,200.93500,0.95312
10690,12.19226,0.98438
10700,545.69409,0.95312
10700,155.20140,0.97680
10710,294.23792,0.98438
10720,0.00000,1.00000
10730,112.80540,0.96875
10740,348.12128,0.92188
10750,0.00000,1.00000
10760,0.00000,1.00000
10770,36.27248,0.98438
10780,50.30255,0.96875
10790,149.49869,0.96875
10800,78.44500,0.98438
10800,255.78500,0.96180
10810,0.00000,1.00000
10820,239.77188,0.98438
10830,206.11621,0.98438
10840,507.67316,0.95312
10850,74.92368,0.96875
10860,0.00000,1.00000
10870,75.28220,0.96875
10880,458.17706,0.95312
10890,180.71503,0.98438
10900,451.52615,0.95312
10900,227.29050,0.96820
10910,783.55762,0.95312
10920,0.00000,1.00000
10930,0.00000,1.00000
10940,146.10614,0.96875
10950,155.41589,0.96875
10960,72.04739,0.96875
10970,18.95319,0.98438
10980,687.28619,0.92188
10990,191.87907,0.96875
11000,1.18561,0.98438
11000,176.78180,0.97520
11010,56.11673,0.96875
11020,429.21317,0.96875
11030,103.29587,0.98438
11040,201.36758,0.95312
11050,129.05707,0.96875
11060,0.00000,1.00000
11070,0.00000,1.00000
11080,732.45563,0.92188
11090,304.43951,0.96875
11100,306.65033,0.96875
11100,161.27271,0.97480
11110,442.28131,0.95312
11120,246.71504,0.96875
11130,50.61024,0.98438
11140,72.95232,0.96875
11150,39.89841,0.98438
11160,9.01950,0.98438
11170,223.05801,0.96875
11180,19.59784,0.96875
11190,0.00000,1.00000
11200,0.00000,1.00000
11200,169.99225,0.97560
11210,325.28778,0.96875
11220,90.44675,0.96875
11230,195.24689,0.96875
11240,171.80524,0.96875
11250,63.29839,0.98438
11260,31.20778,0.96875
11270,30.16385,0.98438
11280,0.00000,1.00000
11290,273.54956,0.96875
11300,57.53918,0.98438
11300,207.74580,0.96720
11310,187.27411,0.96875
11320,7.30847,0.98438
11330,134.28149,0.96875
11340,51.36670,0.98438
11350,447.17810,0.96875
11360,185.33807,0.96875
11370,0.00000,1.00000
11380,0.00000,1.00000
11390,248.09628,0.98438
11400,362.99292,0.96875
11400,163.28383,0.97720
11410,163.57889,0.98438
11420,0.00000,1.00000
11430,49.67020,0.98438
11440,122.56403,0.95312
11450,297.27875,0.96875
11460,342.72684,0.96875
11470,214.46503,0.95312
11480,75.96648,0.96875
11490,280.10767,0.98438
11500,293.83432,0.96875
11500,145.63483,0.97800
11510,398.99313,0.93750
11520,0.00000,1.00000
11530,106.87921,0.98438
11540,43.18747,0.96875
11550,0.00000,1.00000
11560,0.00000,1.00000
11570,52.89175,0.96875
11580,45.63461,0.98438
11590,263.00781,0.98438
11600,125.81570,0.98438
11600,163.03130,0.97560
11610,189.42494,0.96875
11620,103.56068,0.98438
11630,242.84314,0.93750
11640,122.32349,0.98438
11650,58.77966,0.98438
11660,149.40314,0.98438
11670,0.00013,1.00000
11680,123.33301,0.98438
11690,93.68167,0.96875
11700,89.63477,0.98438
11700,152.92154,0.97280
11710,5.29285,0.98438
11720,218.73376,0.96875
11730,492.54706,0.98438
11740,255.13994,0.96875
11750,0.00000,1.00000
11760,45.83197,0.98438
11770,113.11017,0.96875
11780,67.33435,0.98438
11790,63.30457,0.98438
11800,28.08020,0.98438
11800,148.92380,0.97500
11810,0.00000,1.00000
11820,120.84299,0.98438
11830,114.05197,0.96875
11840,156.76982,0.95312
11850,73.94171,0.98438
11860,128.81021,0.96875
11870,67.46735,0.98438
11880,320.95166,0.93750
11890,0.00000,1.00000
11900,40.95047,0.98438
11900,149.73003,0.97500
11910,8.16235,0.98438
11920,163.56210,0.98438
11930,88.22894,0.98438
11940,246.58720,0.93750
11950,297.29047,0.96875
11960,40.86969,0.98438
11970,576.21423,0.93750
11980,184.39532,0.95312
11990,60.18774,0.98438
12000,188.59396,0.98438
12000,158.57933,0.97560
12010,383.19418,0.95312
12020,117.57202,0.98438
12030,50.78339,0.98438
12040,248.68890,0.96875
12050,130.70239,0.98438
12060,110.75336,0.95312
12070,16.38287,0.98438
12080,251.47070,0.96875
12090,0.00000,1.00000
12100,9.55603,0.98438
12100,140.91795,0.97880
12110,216.47592,0.93750
12120,183.59692,0.98438
12130,0.00000,1.00000
12140,72.69019,0.98438
12150,0.00000,1.00000
12160,209.55862,0.96875
12170,3.87939,0.98438
12180,12.04712,0.98438
12190,132.35431,0.96875
12200,350.14349,0.96875
12200,134.19048,0.97740
12210,110.37860,0.95312
12220,0.00000,1.00000
12230,29.31390,0.98438
12240,463.08597,0.95312
12250,0.00000,1.00000
12260,24.30603,0.98438
12270,90.31438,0.98438
12280,52.38409,0.98438
12290,18.19000,0.98438
12300,79.89125,0.96875
12300,171.17827,0.97360
12310,0.00000,1.00000
12320,7.78732,0.98438
12330,367.47162,0.93750
12340,100.08005,0.98438
12350,437.97284,0.90625
12360,331.11111,0.96875
12370,47.81801,0.98438
12380,354.99347,0.95312
12390,77.00543,0.96875
12400,25.39865,0.98438
12400,137.89525,0.97880
12410,383.34927,0.95312
12420,40.32303,0.96875
12430,59.22748,0.98438
12440,61.68042,0.98438
12450,122.82651,0.98438
12460,164.01877,0.96875
12470,353.94464,0.92188
12480,232.80475,0.96875
12490,7.43076,0.98438
12500,324.98846,0.95312
12500,143.42134,0.97580
12510,0.00000,1.00000
12520,191.20767,0.93750
12530,46.66699,0.98438
12540,0.00000,1.00000
12550,345.07275,0.95312
12560,80.24240,0.98438
12570,221.93719,0.95312
12580,99.46902,0.98438
12590,83.13828,0.98438
12600,109.34741,0.95312
12600,167.30873,0.97160
12610,10.43524,0.98438
12620,32.69054,0.98438
12630,0.00000,1.00000
12640,286.73483,0.95312
12650,257.17603,0.92188
12660,125.92102,0.96875
12670,205.98154,0.95312
12680,129.37540,0.98438
12690,166.61298,0.96875
12700,58.31250,0.98438
12700,142.93472,0.97640
12710,473.27011,0.93750
12720,166.34825,0.96875
12730,164.54639,0.96875
12740,0.00000,1.00000
12750,13.49277,0.98438
12760,597.48950,0.95312
12770,7.87854,0.98438
12780,0.00000,1.00000
12790,0.00000,1.00000
12800,7.18579,0.98438
12800,140.13968,0.97540
12810,122.43573,0.98438
12820,57.74506,0.96875
12830,283.92761,0.93750
12840,198.56726,0.96875
12850,267.50186,0.98438
12860,94.26990,0.98438
12870,343.66748,0.96875
12880,341.65826,0.96875
12890,0.00000,1.00000
12900,568.03015,0.93750
12900,165.00333,0.97080
12910,127.32880,0.98438
12920,0.00000,1.00000
12930,27.19495,0.98438
12940,209.01065,0.96875
12950,337.96878,0.98438
12960,276.43097,0.96875
12970,333.02609,0.93750
12980,0.00000,1.00000
12990,471.21014,0.92188
13000,46.48810,0.95312
13000,134.05608,0.97520
13010,36.49536,0.96875
13020,93.66034,0.96875
13030,0.00000,1.00000
13040,0.00000,1.00000
13050,202.05692,0.95312
13060,35.86966,0.98438
13070,20.10321,0.98438
13080,187.56714,0.96875
13090,27.37445,0.98438
13100,0.00000,1.00000
13100,135.54672,0.97840
13110,148.36829,0.96875
13120,835.36768,0.93750
13130,194.74890,0.95312
13140,37.29425,0.98438
13150,40.26880,0.98438
13160,63.44092,0.98438
13170,293.04272,0.95312
13180,231.30948,0.96875
13190,155.22043,0.95312
13200,179.43921,0.96875
13200,134.52785,0.97720
13210,150.56818,0.98438
13220,157.76773,0.95312
13230,0.00000,1.00000
13240,33.44604,0.98438
13250,0.00000,1.00000
13260,0.00000,1.00000
13270,106.32552,0.98438
13280,216.69742,0.93750
13290,0.00000,1.00000
13300,98.96069,0.98438
13300,123.65388,0.98000
13310,0.00000,1.00000
13320,0.00000,1.00000
13330,169.94669,0.95312
13340,66.43683,0.96875
13350,36.99390,0.98438
13360,0.00000,1.00000
13370,79.72906,0.98438
13380,206.53108,0.96875
13390,235.18216,0.98438
13400,21.92728,0.96875
13400,110.21372,0.98040
13410,74.18893,0.96875
13420,39.23683,0.96875
13430,48.84653,0.96875
13440,0.00000,1.00000
13450,140.67276,0.93750
13460,108.34528,0.98438
13470,162.56387,0.95312
13480,53.94501,0.98438
13490,22.99696,0.96875
13500,632.42798,0.93750
13500,127.94202,0.97820
13510,0.00000,1.00000
13520,125.46875,0.96875
13530,123.52331,0.96875
13540,0.00000,1.00000
13550,24.40125,0.98438
13560,296.77371,0.95312
13570,0.00000,1.00000
13580,157.41586,0.95312
13590,86.54938,0.98438
13600,295.78287,0.96875
13600,130.42812,0.97860
13610,949.03497,0.96875
13620,5.74915,0.98438
13630,0.00000,1.00000
13640,124.62314,0.96875
13650,5.10547,0.98438
13660,124.59811,0.96875
13670,438.16489,0.92188
13680,72.30151,0.98438
13690,0.00000,1.00000
13700,105.22623,0.95312
13700,172.41403,0.97400
13710,54.97302,0.96875
13720,113.22334,0.98438
13730,0.00000,1.00000
13740,153.64565,0.96875
13750,234.56964,0.96875
13760,0.00000,1.00000
13770,119.68616,0.93750
13780,52.18420,0.98438
13790,21.82077,0.96875
13800,72.90900,0.96875
13800,128.95946,0.97720
13810,284.13336,0.96875
13820,233.91800,0.98438
13830,91.49982,0.98438
13840,0.00000,1.00000
13850,193.95776,0.96875
13860,310.44266,0.96875
13870,220.67732,0.93750
13880,113.02368,0.98438
13890,6.98083,0.98438
13900,139.78120,0.95312
13900,151.03587,0.97340
13910,205.46397,0.95312
13920,22.74924,0.96875
13930,0.00000,1.00000
13940,4.29962,0.98438
13950,272.75061,0.98438
13960,0.00000,1.00000
13970,392.20227,0.92188
13980,0.00000,1.00000
13990,69.57480,0.98438
14000,240.48050,0.93750
14000,122.43323,0.97600
14010,0.00000,1.00000
14020,157.79184,0.96875
14030,138.77536,0.95312
14040,29.55164,0.96875
14050,30.04166,0.98438
14060,0.00000,1.00000
14070,0.00000,1.00000
14080,158.80350,0.96875
14090,284.92227,0.96875
14100,271.84995,0.93750
14100,101.46399,0.98120
14110,70.23349,0.96875
14120,0.00000,1.00000
14130,133.75098,0.98438
14140,29.32114,0.98438
14150,131.76845,0.96875
14160,0.00000,1.00000
14170,27.51672,0.98438
14180,92.25980,0.98438
14190,310.50424,0.93750
14200,145.64304,0.98438
14200,105.36695,0.98060
14210,34.25473,0.98438
14220,34.34184,0.98438
14230,72.15158,0.98438
14240,373.21863,0.93750
14250,0.00000,1.00000
14260,0.00000,1.00000
14270,239.69733,0.96875
14280,403.72189,0.95312
14290,34.71858,0.98438
14300,213.74359,0.96875
14300,110.29091,0.97800
14310,32.55188,0.98438
14320,0.00000,1.00000
14330,0.00000,1.00000
14340,74.76837,0.98438
14350,74.01117,0.95312
14360,0.00000,1.00000
14370,287.60394,0.96875
14380,217.59538,0.98438
14390,250.21605,0.93750
14400,106.80350,0.98438
14400,119.07584,0.97860
14410,20.42465,0.98438
14420,73.70979,0.96875
14430,167.95059,0.98438
14440,40.87396,0.98438
14450,146.41563,0.96875
14460,462.66873,0.98438
14470,40.68359,0.98438
14480,0.00000,1.00000
14490,0.00000,1.00000
14500,135.95735,0.96875
14500,101.83434,0.98060
14510,0.00000,1.00000
14520,87.31087,0.98438
14530,0.00000,1.00000
14540,0.00000,1.00000
14550,52.37595,0.98438
14560,0.00000,1.00000
14570,46.35764,0.98438
14580,249.89874,0.96875
14590,203.33632,0.96875
14600,0.00000,1.00000
14600,107.99928,0.97980
14610,8.25327,0.98438
14620,252.55029,0.96875
14630,256.33490,0.93750
14640,172.62210,0.96875
14650,461.74710,0.95312
14660,290.37949,0.95312
14670,28.10178,0.98438
14680,39.68953,0.96875
14690,114.47223,0.96875
14700,331.52930,0.95312
14700,124.09765,0.97660
14710,0.00000,1.00000
14720,106.11357,0.96875
14730,217.18655,0.96875
14740,2.03912,0.98438
14750,58.06683,0.96875
14760,90.53836,0.95312
14770,117.33791,0.96875
14780,0.00000,1.00000
14790,616.23242,0.92188
14800,0.00000,1.00000
14800,103.18384,0.98080
14810,14.22488,0.98438
14820,0.00000,1.00000
14830,269.87677,0.92188
14840,15.73157,0.98438
14850,0.00000,1.00000
14860,100.42111,0.96875
14870,119.56967,0.96875
14880,46.31631,0.93750
14890,0.00000,1.00000
14900,1021.52612,0.96875
14900,96.79297,0.98220
14910,267.73169,0.98438
14920,7.66882,0.98438
14930,55.64787,0.96875
14940,251.46001,0.95312
14950,137.40773,0.98438
14960,0.00000,1.00000
14970,208.35532,0.98438
14980,63.60536,0.96875
14990,391.47537,0.96875
15000,299.22601,0.95312
15000,102.96789,0.98080
15010,63.26248,0.98438
15020,0.00000,1.00000
15030,10.16942,0.98438
15040,0.00000,1.00000
15050,160.32190,0.96875
15060,0.00000,1.00000
15070,0.00000,1.00000
15080,14.02496,0.98438
15090,132.95253,0.95312
15100,17.30304,0.98438
15100,89.05103,0.98140
15110,0.00000,1.00000
15120,126.90126,0.95312
15130,0.00000,1.00000
15140,37.76663,0.98438
15150,19.92975,0.98438
15160,430.19315,0.96875
15170,386.80685,0.96875
15180,171.87961,0.98438
15190,0.00000,1.00000
15200,246.17657,0.96875
15200,84.88761,0.98400
15210,0.00000,1.00000
15220,57.14600,0.98438
15230,112.75008,0.96875
15240,132.45370,0.98438
15250,8.78584,0.98438
15260,55.31345,0.96875
15270,34.41855,0.98438
15280,262.25577,0.95312
15290,43.22992,0.98438
15300,5.23993,0.98438
15300,105.73930,0.97940
15310,43.58243,0.98438
15320,0.00000,1.00000
15330,134.41464,0.95312
15340,45.12863,0.98438
15350,43.20366,0.96875
15360,128.29593,0.96875
15370,0.00000,1.00000
15380,67.81506,0.98438
15390,0.00000,1.00000
15400,273.36078,0.96875
15400,94.71524,0.97920
15410,14.23376,0.98438
15420,26.96420,0.96875
15430,60.35260,0.96875
15440,264.07809,0.96875
15450,97.94902,0.98438
15460,34.45396,0.98438
15470,38.41403,0.98438
15480,0.00000,1.00000
15490,218.88132,0.98438
15500,167.50438,0.96875
15500,105.53562,0.97980
15510,11.61908,0.98438
15520,58.61176,0.98438
15530,135.33231,0.98438
15540,446.25446,0.90625
15550,0.00000,1.00000
15560,0.00000,1.00000
15570,189.35364,0.98438
15580,58.12849,0.96875
15590,79.63904,0.98438
15600,42.40688,0.98438
15600,107.42590,0.97720
15610,22.78781,0.98438
15620,215.75116,0.96875
15630,0.00000,1.00000
15640,0.00000,1.00000
15650,0.00000,1.00000
15660,62.62704,0.98438
15670,0.00000,1.00000
15680,255.85803,0.96875
15690,0.00000,1.00000
15700,103.95435,0.95312
15700,93.25294,0.98180
15710,0.00000,1.00000
15720,0.00000,1.00000
15730,308.86392,0.95312
15740,117.03848,0.96875
15750,35.64507,0.96875
15760,136.68713,0.96875
15770,0.00000,1.00000
15780,0.00000,1.00000
15790,115.47308,0.98438
15800,142.41190,0.96875
15800,94.84939,0.98160
15810,231.83372,0.96875
15820,161.66815,0.95312
15830,101.35474,0.98438
15840,0.00000,1.00000
15850,390.37305,0.98438
15860,40.44769,0.96875
15870,0.00000,1.00000
15880,180.76315,0.93750
15890,61.99361,0.98438
15900,0.00000,1.00000
15900,114.76565,0.97500
15910,184.92010,0.95312
15920,54.83189,0.98438
15930,0.00000,1.00000
15940,119.75125,0.98438
15950,0.00000,1.00000
15960,0.00000,1.00000
15970,68.27945,0.96875
15980,0.00000,1.00000
15990,127.58128,0.96875
16000,6.95477,0.98438
16000,95.49573,0.97940
16010,0.00000,1.00000
16020,39.49948,0.98438
16030,0.00000,1.00000
16040,240.87210,0.98438
16050,116.90057,0.95312
16060,151.50464,0.96875
16070,37.32950,0.96875
16080,0.00000,1.00000
16090,0.00000,1.00000
16100,61.05859,0.96875
16100,116.72513,0.97780
16110,2.53473,0.98438
16120,247.76666,0.98438
16130,119.28482,0.98438
16140,22.78302,0.98438
16150,0.00000,1.00000
16160,87.45074,0.95312
16170,55.10727,0.98438
16180,0.00000,1.00000
16190,62.39966,0.98438
16200,0.00000,1.00000
16200,94.74123,0.98020
16210,66.76608,0.98438
16220,38.29993,0.96875
16230,110.50047,0.96875
16240,4.05243,0.98438
16250,64.26269,0.96875
16260,0.00000,1.00000
16270,145.97729,0.96875
16280,79.33218,0.98438
16290,124.25485,0.95312
16300,0.00000,1.00000
16300,116.00562,0.97840
16310,71.57632,0.98438
16320,0.00000,1.00000
16330,103.87842,0.96875
16340,282.00867,0.98438
16350,104.59682,0.96875
16360,0.00000,1.00000
16370,32.97375,0.96875
16380,93.07199,0.98438
16390,0.00000,1.00000
16400,291.23016,0.96875
16400,84.31902,0.98380
16410,0.00000,1.00000
16420,310.21530,0.96875
16430,122.39401,0.96875
16440,121.94196,0.96875
16450,112.02534,0.96875
16460,0.00000,1.00000
16470,71.31036,0.98438
16480,0.00000,1.00000
16490,0.00000,1.00000
16500,43.88498,0.98438
16500,78.83501,0.98260
16510,0.00000,1.00000
16520,12.88837,0.98438
16530,0.00000,1.00000
16540,114.77078,0.96875
16550,151.90337,0.98438
16560,218.83990,0.95312
16570,245.19777,0.95312
16580,19.99832,0.98438
16590,0.00000,1.00000
16600,0.00000,1.00000
16600,88.55275,0.98340
16610,195.04706,0.96875
16620,0.00000,1.00000
16630,20.15585,0.98438
16640,232.03249,0.95312
16650,109.02347,0.98438
16660,0.00000,1.00000
16670,117.88625,0.98438
16680,0.10793,0.98438
16690,20.13094,0.98438
16700,157.83957,0.95312
16700,93.11471,0.98140
16710,22.95613,0.98438
16720,435.31955,0.98438
16730,179.31052,0.95312
16740,140.80855,0.98438
16750,315.02832,0.96875
16760,0.00000,1.00000
16770,39.01569,0.98438
16780,147.67007,0.96875
16790,107.44437,0.96875
16800,49.96472,0.98438
16800,120.99031,0.97620
16810,0.00000,1.00000
16820,1.43109,0.98438
16830,149.51395,0.98438
16840,0.00000,1.00000
16850,75.88242,0.98438
16860,21.66837,0.98438
16870,87.11561,0.96875
16880,120.65907,0.96875
16890,0.00000,1.00000
16900,498.05441,0.95312
16900,89.74200,0.98200
16910,116.56161,0.95312
16920,0.00000,1.00000
16930,57.80467,0.98438
16940,91.56766,0.98438
16950,0.00000,1.00000
16960,124.34338,0.98438
16970,130.85812,0.95312
16980,0.00000,1.00000
16990,136.26611,0.96875
17000,147.25287,0.98438
17000,98.49121,0.98140
17010,0.00000,1.00000
17020,0.00000,1.00000
17030,43.95126,0.98438
17040,0.00000,1.00000
17050,208.75137,0.95312
17060,0.00000,1.00000
17070,121.12639,0.96875
17080,0.00000,1.00000
17090,100.19656,0.98438
17100,50.85529,0.98438
17100,104.50066,0.98040
17110,0.00000,1.00000
17120,182.66322,0.92188
17130,226.16612,0.96875
17140,0.00000,1.00000
17150,26.06094,0.98438
17160,12.34538,0.98438
17170,75.19455,0.92188
17180,99.28098,0.98438
17190,397.51956,0.95312
17200,10.66412,0.98438
17200,96.33398,0.98060
17210,21.23059,0.98438
17220,0.00000,1.00000
17230,97.46430,0.95312
17240,0.00000,1.00000
17250,0.00000,1.00000
17260,0.00000,1.00000
17270,30.27237,0.98438
17280,13.98413,0.98438
17290,115.94863,0.96875
17300,137.41766,0.96875
17300,96.90519,0.98020
17310,266.77237,0.98438
17320,0.00000,1.00000
17330,29.37177,0.95312
17340,0.00000,1.00000
17350,0.00000,1.00000
17360,17.38835,0.98438
17370,0.00000,1.00000
17380,89.22774,0.98438
17390,0.00000,1.00000
17400,36.24055,0.98438
17400,109.15786,0.97900
17410,0.00000,1.00000
17420,16.73343,0.98438
17430,214.89412,0.95312
17440,25.78625,0.98438
17450,30.15997,0.98438
17460,1.84051,0.98438
17470,14.48564,0.98438
17480,31.22298,0.98438
17490,92.71059,0.98438
17500,112.16666,0.98438
17500,92.52781,0.98280
17510,58.89413,0.98438
17520,114.21979,0.98438
17530,0.00000,1.00000
17540,159.73863,0.96875
17550,0.00000,1.00000
17560,0.00000,1.00000
17570,132.74490,0.96875
17580,11.29091,0.96875
17590,0.00000,1.00000
17600,30.83942,0.98438
17600,84.42986,0.98340
17610,0.00000,1.00000
17620,89.53995,0.96875
17630,65.79611,0.98438
17640,0.00000,1.00000
17650,0.00000,1.00000
17660,0.00000,1.00000
17670,52.75626,0.98438
17680,147.03737,0.98438
17690,0.00000,1.00000
17700,124.32236,0.96875
17700,92.61449,0.98140
17710,0.00000,1.00000
17720,130.93024,0.93750
17730,0.00000,1.00000
17740,0.00000,1.00000
17750,200.27361,0.95312
17760,0.00000,1.00000
17770,145.48042,0.95312
17780,167.76872,0.96875
17790,0.00000,1.00000
17800,0.79796,0.98438
17800,102.07510,0.97900
17810,148.62463,0.96875
17820,0.00000,1.00000
17830,86.59502,0.96875
17840,355.41006,0.95312
17850,0.00000,1.00000
17860,0.00000,1.00000
17870,77.73961,0.98438
17880,0.00000,1.00000
17890,554.89563,0.93750
17900,10.61032,0.98438
17900,74.35538,0.98580
17910,68.07426,0.98438
17920,43.84177,0.98438
17930,0.00000,1.00000
17940,46.77829,0.98438
17950,24.68478,0.98438
17960,213.75980,0.96875
17970,156.86108,0.96875
17980,161.27673,0.98438
17990,0.00000,1.00000
18000,105.56675,0.96875
18000,82.54726,0.98280
18010,99.20491,0.98438
18020,41.80432,0.98438
18030,74.12426,0.98438
18040,67.57587,0.96875
18050,6.10031,0.98438
18060,0.00000,1.00000
18070,97.81613,0.96875
18080,297.26819,0.96875
18090,0.00000,1.00000
18100,65.85370,0.96875
18100,89.13335,0.98080
18110,0.00000,1.00000
18120,34.70676,0.98438
18130,0.00000,1.00000
18140,75.05698,0.96875
18150,14.67288,0.98438
18160,8.88867,0.98438
18170,9.51752,0.98438
18180,71.69322,0.95312
18190,17.27405,0.98438
18200,239.24712,0.95312
18200,89.78546,0.98160
18210,45.70003,0.98438
18220,640.51636,0.95312
18230,112.68956,0.96875
18240,129.37811,0.98438
18250,45.04839,0.98438
18260,0.00000,1.00000
18270,192.32578,0.95312
18280,0.00000,1.00000
18290,0.00000,1.00000
18300,99.22833,0.98438
18300,73.72791,0.98420
18310,0.00000,1.00000
18320,241.54053,0.95312
18330,140.79584,0.98438
18340,12.12479,0.98438
18350,118.06952,0.98438
18360,0.00000,1.00000
18370,0.00000,1.00000
18380,0.00000,1.00000
18390,0.00000,1.00000
18400,83.77957,0.98438
18400,86.72758,0.98220
18410,59.47354,0.98438
18420,89.85614,0.98438
18430,8.16467,0.98438
18440,51.39542,0.98438
18450,0.00000,1.00000
18460,31.98834,0.98438
18470,16.67168,0.98438
18480,47.91241,0.95312
18490,35.42535,0.98438
18500,0.00000,1.00000
18500,102.28297,0.98180
18510,0.00000,1.00000
18520,232.08386,0.95312
18530,62.31203,0.96875
18540,144.78714,0.96875
18550,2.82639,0.98438
18560,14.25159,0.98438
18570,97.54511,0.96875
18580,0.00000,1.00000
18590,38.74677,0.98438
18600,27.79837,0.98438
18600,76.24735,0.98460
18610,0.00000,1.00000
18620,0.00000,1.00000
18630,0.00000,1.00000
18640,0.00000,1.00000
18650,36.02719,0.98438
18660,33.38393,0.98438
18670,0.00000,1.00000
18680,76.83536,0.98438
18690,9.39342,0.98438
18700,8.18375,0.98438
18700,89.87863,0.98100
18710,79.13406,0.96875
18720,60.28545,0.98438
18730,0.00000,1.00000
18740,0.00000,1.00000
18750,0.00000,1.00000
18760,0.00000,1.00000
18770,86.80542,0.96875
18780,281.56247,0.96875
18790,44.31747,0.98438
18800,68.86032,0.98438
18800,99.47079,0.97860
18810,0.00000,1.00000
18820,221.78244,0.95312
18830,0.00000,1.00000
18840,40.20317,0.98438
18850,117.90402,0.98438
18860,53.24571,0.98438
18870,22.42783,0.98438
18880,17.42906,0.98438
18890,0.00000,1.00000
18900,124.99094,0.98438
18900,89.09890,0.98220
18910,0.00000,1.00000
18920,0.00000,1.00000
18930,0.00000,1.00000
18940,0.00000,1.00000
18950,0.00000,1.00000
18960,64.38672,0.98438
18970,27.65044,0.98438
18980,141.24200,0.98438
18990,0.00000,1.00000
19000,0.00000,1.00000
19000,94.19415,0.98160
19010,210.09290,0.96875
19020,0.00000,1.00000
19030,82.91105,0.98438
19040,112.66608,0.98438
19050,36.71558,0.98438
19060,47.24945,0.98438
19070,0.00000,1.00000
19080,175.00995,0.95312
19090,95.14081,0.96875
19100,87.41173,0.95312
19100,79.09336,0.98400
19110,0.00000,1.00000
19120,0.00000,1.00000
19130,217.43712,0.96875
19140,9.48397,0.98438
19150,0.00000,1.00000
19160,40.95203,0.98438
19170,38.84036,0.96875
19180,8.57144,0.98438
19190,0.00000,1.00000
19200,110.79808,0.95312
19200,67.31126,0.98640
19210,0.00000,1.00000
19220,0.00000,1.00000
19230,57.82944,0.98438
19240,140.46597,0.98438
19250,0.00000,1.00000
19260,24.72519,0.96875
19270,75.01654,0.96875
19280,6.84039,0.98438
19290,145.58185,0.96875
19300,11.36212,0.98438
19300,73.65311,0.98480
19310,155.62827,0.96875
19320,4.66035,0.98438
19330,46.40143,0.98438
19340,1.60791,0.98438
19350,6.64333,0.96875
19360,31.33281,0.96875
19370,73.54513,0.98438
19380,24.95621,0.96875
19390,13.01343,0.98438
19400,88.35701,0.96875
19400,69.68132,0.98440
19410,0.00000,1.00000
19420,0.00000,1.00000
19430,0.00000,1.00000
19440,0.00000,1.00000
19450,0.00000,1.00000
19460,217.29268,0.95312
19470,39.89567,0.96875
19480,0.00000,1.00000
19490,9.99017,0.98438
19500,35.69040,0.98438
19500,87.75980,0.98000
19510,0.00000,1.00000
19520,313.11780,0.98438
19530,4.95581,0.98438
19540,111.74773,0.98438
19550,0.00000,1.00000
19560,46.52527,0.98438
19570,0.00000,1.00000
19580,253.11662,0.95312
19590,103.08473,0.98438
19600,362.45273,0.96875
19600,73.57026,0.98440
19610,42.36923,0.98438
19620,0.00000,1.00000
19630,60.49909,0.96875
19640,0.00000,1.00000
19650,89.96236,0.98438
19660,175.61278,0.95312
19670,184.05606,0.96875
19680,0.00000,1.00000
19690,0.00000,1.00000
19700,43.76715,0.98438
19700,73.34946,0.98480
19710,89.51941,0.98438
19720,130.61919,0.96875
19730,65.83887,0.98438
19740,13.70399,0.98438
19750,39.20540,0.98438
19760,0.00000,1.00000
19770,78.61385,0.98438
19780,94.86450,0.98438
19790,138.45343,0.96875
19800,164.56094,0.96875
19800,76.57057,0.98280
19810,0.00000,1.00000
19820,0.00000,1.00000
19830,71.03466,0.98438
19840,0.00000,1.00000
19850,0.00000,1.00000
19860,0.00000,1.00000
19870,0.00000,1.00000
19880,0.00000,1.00000
19890,21.14450,0.98438
19900,0.00000,1.00000
19900,73.84792,0.98300
19910,111.49277,0.95312
19920,76.63484,0.96875
19930,96.38110,0.96875
19940,125.44113,0.98438
19950,0.00000,1.00000
19960,0.00000,1.00000
19970,0.00000,1.00000
19980,65.75467,0.96875
19990,30.39471,0.98438
20000,56.09470,0.95312
20000,68.71046,0.98420